authors,titles,hrefs
Chiheb Trabelsi · Olexa Bilaniuk · Ying Zhang · Dmitriy Serdyuk · Sandeep Subramanian · Joao Felipe Santos · Soroush Mehri · Negar Rostamzadeh · Yoshua Bengio · Christopher Pal,Deep Complex Networks,https://openreview.net/forum?id=H1T2hmZAb
Jiayuan Mao · Honghua Dong · Joseph J Lim,Universal Agent for Disentangling Environments and Tasks,https://openreview.net/forum?id=B1mvVm-C-
Xiang Wei · Boqing Gong · Zixia   Liu · Wei Lu · Liqiang Wang,Improving the Improved Training of Wasserstein GANs: A Consistency Term and Its Dual Effect,https://openreview.net/forum?id=SJx9GQb0-
Konrad Zolna · Devansh   Arpit · Dendi Suhubdy · Yoshua Bengio,Fraternal Dropout,https://openreview.net/forum?id=SJyVzQ-C-
Karol Hausman · Jost Tobias Springenberg · ziyu   wang · Nicolas   Heess · Martin   Riedmiller,Learning an Embedding Space for Transferable Robot Skills,https://openreview.net/forum?id=rk07ZXZRb
Praphruetpong Athiwaratkun · Andrew G Wilson,Hierarchical Density Order Embeddings,https://openreview.net/forum?id=HJCXZQbAZ
Antonio Polino · Razvan Pascanu · Dan   Alistarh,Model compression via distillation and quantization,https://openreview.net/forum?id=S1XolQbRW
abbas abdolmaleki · Jost Tobias Springenberg · Nicolas   Heess · Yuval Tassa · Remi Munos,Maximum a Posteriori Policy Optimisation,https://openreview.net/forum?id=S1ANxQW0b
William Fedus · Ian Goodfellow · Andrew Dai,MaskGAN: Better Text Generation via Filling in the _______,https://openreview.net/forum?id=ByOExmWAb
James Martens · Jimmy Ba · Matthew   Johnson,Kronecker-factored Curvature Approximations for Recurrent Neural Networks,https://openreview.net/forum?id=HyMTkQZAb
Nicolas Papernot · Shuang Song · Ilya Mironov · Ananth Raghunathan · Kunal   Talwar · Ulfar Erlingsson,Scalable Private Learning with PATE,https://openreview.net/forum?id=rkZB1XbRZ
Atilim Gunes Baydin · Robert   Cornish · David   Martínez · Mark Schmidt · Frank Wood,Online Learning Rate Adaptation with Hypergradient Descent,https://openreview.net/forum?id=BkrsAzWAb
Sjoerd van Steenkiste · Michael Chang · Klaus Greff · Jürgen Schmidhuber,Relational Neural Expectation Maximization: Unsupervised Discovery of Objects and their Interactions,https://openreview.net/forum?id=ryH20GbRW
Brandon Amos · Laurent   Dinh · Serkan Cabi · Thomas   Rothörl · Sergio Gómez Colmenarejo · Alistair M Muldal · Tom   Erez · Yuval Tassa · Nando d Freitas · Misha Denil,Learning Awareness Models,https://openreview.net/forum?id=r1HhRfWRZ
Henning   Petzka · Asja Fischer · Denis   Lukovnikov,On the regularization of Wasserstein GANs,https://openreview.net/forum?id=B1hYRMbCW
chaowei Xiao · Jun-Yan Zhu · Bo Li · Warren He · Mingyan   Liu · dawn song,Spatially Transformed Adversarial Examples,https://openreview.net/forum?id=HyydRMZC-
Wieland Brendel · Jonas Rauber ·  ,Decision-Based Adversarial Attacks: Reliable Attacks Against Black-Box Machine Learning Models,https://openreview.net/forum?id=SyZI0GWCZ
Hyeji Kim · Yihan Jiang · Ranvir B Rana · Sreeram Kannan · Sewoong Oh · Pramod Viswanath,Communication Algorithms via Deep Learning,https://openreview.net/forum?id=ryazCMbR-
Róbert   Torfason · Fabian Mentzer · Eirikur   Agustsson · Michael Tschannen · Radu Timofte · Luc V Gool,Towards Image Understanding from Deep Compression Without Decoding,https://openreview.net/forum?id=HkXWCMbRW
Guillaume Lample ·   · Ludovic Denoyer · Marc'Aurelio Ranzato,Unsupervised Machine Translation Using Monolingual Corpora Only,https://openreview.net/forum?id=rkYTTf-AZ
Bo Dai · Albert Shaw · Niao   He · Lihong Li · Le   Song,Boosting the Actor with Dual Critic,https://openreview.net/forum?id=BkUp6GZRW
Rui Shu · Hung H Bui · Hirokazu Narui · Stefano Ermon,A DIRT-T Approach to Unsupervised Domain Adaptation,https://openreview.net/forum?id=H1q-TM-AW
Dejiao Zhang · Haozhu Wang · Mario Figueiredo · Laura   Balzano,LEARNING TO SHARE: SIMULTANEOUS PARAMETER TYING AND SPARSIFICATION IN DEEP LEARNING,https://openreview.net/forum?id=rypT3fb0b
Roy Fox · Richard Shin · Sanjay   Krishnan · Ken Goldberg · dawn song · Ion Stoica,Parametrized Hierarchical Procedures for Neural Programming,https://openreview.net/forum?id=rJl63fZRb
Tuan Anh   Le · Maximilian Igl · Tom   Rainforth · Tom Jin · Frank Wood,Auto-Encoding Sequential Monte Carlo,https://openreview.net/forum?id=BJ8c3f-0b
Hanjun Dai · Yingtao Tian · Bo Dai · Steven Skiena · Le   Song,Syntax-Directed Variational Autoencoder for Structured Data,https://openreview.net/forum?id=SyqShMZRb
Saumya Jetley · Nicholas Lord · Namhoon Lee · Philip   Torr,Learn to Pay Attention,https://openreview.net/forum?id=HyzbhfWRW
David Rolnick · Max   Tegmark,The power of deeper networks for expressing natural functions,https://openreview.net/forum?id=SyProzZAW
Emmanuel d Bezenac · Arthur Pajot · gallinari patrick,Deep Learning for Physical Processes: Incorporating Prior Scientific Knowledge,https://openreview.net/forum?id=By4HsfWAZ
Hao Zhang · Bo Chen · Dandan Guo · Mingyuan Zhou,WHAI: Weibull Hybrid Autoencoding Inference for Deep Topic Modeling,https://openreview.net/forum?id=S1cZsf-RW
Alex   Nowak · David Folqué Garcia · Joan   Bruna,Divide and Conquer Networks,https://openreview.net/forum?id=B1jscMbAW
Hanxiao Liu · Karen Simonyan · Oriol Vinyals · Chrisantha   Fernando · Koray   Kavukcuoglu,Hierarchical Representations for Efficient Architecture Search,https://openreview.net/forum?id=BJQRKzbA-
Rahul Kidambi · Praneeth Netrapalli · Prateek   Jain · Sham M Kakade,On the insufficiency of existing momentum schemes for Stochastic Optimization,https://openreview.net/forum?id=rJTutzbA-
Elliot Meyerson · Risto Miikkulainen,Beyond Shared Hierarchies: Deep Multitask Learning through Soft Layer Ordering,https://openreview.net/forum?id=BkXmYfbAZ
Aleksander Madry · Aleksandar A Makelov · Ludwig   Schmidt · Dimitris Tsipras · Adrian Vladu,Towards Deep Learning Models Resistant to Adversarial Attacks,https://openreview.net/forum?id=rJzIBfZAb
Zhilin Yang · Zihang   Dai ·   · William W Cohen,Breaking the Softmax Bottleneck: A High-Rank RNN Language Model,https://openreview.net/forum?id=HkwZSG-CZ
Minjoon Seo · Sewon Min · Ali   Farhadi · Hannaneh   Hajishirzi,Neural Speed Reading via Skim-RNN,https://openreview.net/forum?id=Sy-dQG-Rb
Gregory Farquhar · Tim   Rocktaeschel · Maximilian Igl · Shimon Whiteson,TreeQN and ATreeC: Differentiable Tree-Structured Models for Deep Reinforcement Learning,https://openreview.net/forum?id=H1dh6Ax0Z
Yingzhen Li · Richard E Turner,Gradient Estimators for Implicit Models,https://openreview.net/forum?id=SJi9WOeRb
Jianbo Ye · Xin Lu · Zhe Lin · James Z Wang,Rethinking the Smaller-Norm-Less-Informative Assumption in Channel Pruning of Convolution Layers,https://openreview.net/forum?id=HJ94fqApW
Simon S Du · Jason D Lee · Yuandong   Tian,When is a Convolutional Filter Easy to Learn?,https://openreview.net/forum?id=SkA-IE06W
Quan Hoang · Tu D Nguyen · Trung Le · Dinh Phung,MGAN: Training Generative Adversarial Nets with Multiple Generators,https://openreview.net/forum?id=rkmu5b0a-
Yanshuai Cao · Gavin Weiguang Ding · Yik Chau Lui · Ruitong   Huang,Improving GAN Training via Binarized Representation Entropy (BRE) Regularization,https://openreview.net/forum?id=BkLhaGZRW
Gabriel   Barth-maron · Matthew   Hoffman · David Budden · Will   Dabney · Daniel Horgan · Dhruva Tirumala Bukkapatnam · Alistair M Muldal · Nicolas   Heess · Timothy Lillicrap,Distributed Distributional Deterministic Policy Gradients,https://openreview.net/forum?id=SyZipzbCb
Evan Z Liu · Kelvin   Guu · Panupong Pasupat · Tim Shi · Percy Liang,Reinforcement Learning on Web Interfaces using Workflow-Guided Exploration,https://openreview.net/forum?id=ryTp3f-0-
David Janz · Jos van der Westhuizen · Brooks Paige · Matt J Kusner · José Miguel Hernández Lobato,Learning a Generative Model for Validity in Complex Discrete Structures,https://openreview.net/forum?id=rkrC3GbRW
Wen Sun · J. A Bagnell · Byron   Boots,TRUNCATED HORIZON POLICY SEARCH: COMBINING REINFORCEMENT LEARNING &amp; IMITATION LEARNING,https://openreview.net/forum?id=ryUlhzWCZ
Yeming Wen · Paul Vicol · Jimmy Ba · Dustin Tran · Roger Grosse,Flipout: Efficient Pseudo-Independent Weight Perturbations on Mini-Batches,https://openreview.net/forum?id=rJNpifWAb
Jaehong Yoon · Eunho Yang · Jeongtae Lee · Sung Ju Hwang,Lifelong Learning with Dynamically Expandable Networks,https://openreview.net/forum?id=Sk7KsfW0-
Kangwook Lee · Hoon Kim · Changho Suh,Simulated+Unsupervised Learning With Adaptive Data Generation and Bidirectional Mappings,https://openreview.net/forum?id=SkHDoG-Cb
Daniel Im · He Ma · Graham W Taylor · Kristin   Branson,Quantitatively Evaluating GANs With Divergences Proposed for Training,https://openreview.net/forum?id=SJQHjzZ0-
Angus Galloway · Graham W Taylor · Medhat Moussa,Attacking Binarized Neural Networks,https://openreview.net/forum?id=HkTEFfZRb
Rajarshi Das · Shehzaad Dhuliawala · Manzil Zaheer · Luke   Vilnis · Ishan   Durugkar · Akshay Krishnamurthy · Alex   Smola · Andrew   McCallum,Go for a Walk and Arrive at the Answer: Reasoning Over Paths in Knowledge Bases using Reinforcement Learning,https://openreview.net/forum?id=Syg-YfWCW
Deepak Pathak · Parsa Mahmoudieh · Guanghao Luo · Pulkit Agrawal · Dian Chen · Fred   Shentu · Evan Shelhamer · Jitendra Malik · Alexei Efros · Trevor Darrell,Zero-Shot Visual Imitation,https://openreview.net/forum?id=BkisuzWRW
Dipankar   Das · Naveen Mellempudi · Dheevatsa Mudigere · Dhiraj   Kalamkar · Sasikanth Avancha · Kunal Banerjee · Srinivas Sridharan · Karthik   Vaidyanathan · Bharat Kaul · Evangelos Georganas · Alexander   Heinecke · Pradeep K Dubey · Jesus   Corbal · Nikita   Shustrov · Roma   Dubtsov · Evarist   Fomenko · Vadim Pirogov,Mixed Precision Training of Convolutional Neural Networks using Integer Operations,https://openreview.net/forum?id=H135uzZ0-
Aviv   Tamar · Khashayar Rohanimanesh · Yinlam Chow · Chris Vigorito · Ben   Goodrich · Michael   Kahane · Derik   Pridmore,Imitation Learning from Visual Data with Multiple Intentions,https://openreview.net/forum?id=Hk3ddfWRW
Mikolaj Binkowski · Dougal Sutherland · Michael   Arbel · Arthur   Gretton,Demystifying MMD GANs,https://openreview.net/forum?id=r1lUOzWCW
Cian Eastwood · Chris Williams,A Framework for the Quantitative Evaluation of Disentangled Representations,https://openreview.net/forum?id=By-7dz-AZ
Warren He · Bo Li · dawn song,Decision Boundary Analysis of Adversarial Examples,https://openreview.net/forum?id=BkpiPMbA-
Clemens Rosenbaum · Tim Klinger · Matt Riemer,Routing Networks: Adaptive Selection of Non-Linear Functions for Multi-Task Learning,https://openreview.net/forum?id=ry8dvM-R-
Drew A. Hudson · Christopher D Manning,Compositional Attention Networks for Machine Reasoning,https://openreview.net/forum?id=S1Euwz-Rb
Pablo Sprechmann · Siddhant Jayakumar · Jack Rae · Alexander   Pritzel · Adria P Badia · Benigno   Uria · Oriol Vinyals · Demis   Hassabis · Razvan Pascanu · Charles   Blundell,Memory-based Parameter Adaptation,https://openreview.net/forum?id=rkfOvGbCW
Nikolay Savinov · Alexey Dosovitskiy · Vladlen Koltun,Semi-parametric topological memory for navigation,https://openreview.net/forum?id=SygwwGbRW
Jesse Engel · Matthew D Hoffman · Adam Roberts,Latent Constraints: Learning to Generate Conditionally from Unconditional Generative Models,https://openreview.net/forum?id=Sy8XvGb0-
Andrew Saxe · Yamini Bansal · Joel Dapello · Madhu   Advani · Artemy Kolchinsky · Brendan D Tracey · David D Cox,On the Information Bottleneck Theory of Deep Learning,https://openreview.net/forum?id=ry_WPG-A-
Roman Novak · Yasaman Bahri · Daniel Abolafia · Jeffrey Pennington · Jascha Sohl-Dickstein,Sensitivity and Generalization in Neural Networks: an Empirical Study,https://openreview.net/forum?id=HJC2SzZCW
Yujun Lin · song   han ·   · Yu Wang · Bill Dally,Deep Gradient Compression: Reducing the Communication Bandwidth for Distributed Training,https://openreview.net/forum?id=SkhQHMW0W
Emin Orhan · Xaq Pitkow,Skip Connections Eliminate Singularities,https://openreview.net/forum?id=HkwBEMWCZ
Yaguang Li · Rose Yu · Cyrus   Shahabi · Yan   Liu,Diffusion Convolutional Recurrent Neural Network: Data-Driven Traffic Forecasting,https://openreview.net/forum?id=SJiHXGWAZ
Antoine Bosselut · Omer Levy · Ari   Holtzman · Corin Ennis · Dieter Fox · Yejin Choi,Simulating Action Dynamics with Neural Process Networks,https://openreview.net/forum?id=rJYFzMZC-
Dmitriy Serdyuk · Nan Rosemary Ke · Alessandro Sordoni · Adam   Trischler · Christopher Pal · Yoshua Bengio,Twin Networks: Matching the Future for Sequence Generation,https://openreview.net/forum?id=BydLzGb0Z
Abram Friesen · Pedro Domingos,Deep Learning as a Mixed Convex-Combinatorial Optimization Problem,https://openreview.net/forum?id=B1Lc-Gb0Z
Wei Yu · David Dohan · Thang Luong · Rui Zhao · Kai Chen · Mohammad Norouzi · Quoc V Le,Fast and Accurate Reading Comprehension by Combining Self-Attention and Convolution,https://openreview.net/forum?id=B14TlG-RW
Swabha Swayamdipta · Ankur Parikh · Tom   Kwiatkowski,Multi-Mention Learning for Reading Comprehension with Neural Cascades,https://openreview.net/forum?id=HyRnez-RW
Sanjeev Arora · Mikhail Khodak · Nikunj Umesh Saunshi · Kiran Vodrahalli,"A Compressed Sensing View of Unsupervised Text Embeddings, Bag-of-n-Grams, and LSTMs",https://openreview.net/forum?id=B1e5ef-C-
Sandeep Subramanian · Adam   Trischler · Yoshua Bengio · Christopher Pal,Learning General Purpose Distributed Sentence Representations via Large Scale Multi-task Learning,https://openreview.net/forum?id=B18WgG-CZ
Shuohang Wang · Mo Yu · Jing   Jiang · Wei Zhang · Xiaoxiao   Guo · Shiyu   Chang · Zhiguo Wang · Tim Klinger · Gerald Tesauro · Murray Campbell,Evidence Aggregation for Answer Re-Ranking in Open-Domain Question Answering,https://openreview.net/forum?id=rJl3yM-Ab
Yan Wu · Greg   Wayne · Alex   Graves · Timothy Lillicrap,The Kanerva Machine: A Generative Distributed Memory,https://openreview.net/forum?id=S1HlA-ZAZ
William A Falcon · Henning Schulzrinne,Predicting Floor-Level for 911 Calls with Neural Networks and Smartphone Sensor Data,https://openreview.net/forum?id=ryBnUWb0b
Yanyao Shen · Hyokun Yun · Zachary Lipton · Yakov Kronrod · anima anandkumar,Deep Active Learning for Named Entity Recognition,https://openreview.net/forum?id=ry018WZAZ
Jan Achterhold · Jan M Koehler · Anke   Schmeink · Tim Genewein,Variational Network Quantization,https://openreview.net/forum?id=ry-TW-WAb
Ashwin Vijayakumar · Abhishek Mohta · Alex Polozov · Dhruv Batra · Prateek   Jain · Sumit   Gulwani,Neural-Guided Deductive Search for Real-Time Program Synthesis from Examples,https://openreview.net/forum?id=rywDjg-RW
Taesik Na · Jong Hwan Ko · Saibal   Mukhopadhyay,Cascade Adversarial Machine Learning Regularized with a Unified Embedding,https://openreview.net/forum?id=HyRVBzap-
Shuang Wu · Guoqi Li · Feng Chen · Luping Shi,Training and Inference with Integers in Deep Neural Networks,https://openreview.net/forum?id=HJGXzmspb
Adam Earle · Andrew Saxe · Benjamin Rosman,Hierarchical Subtask Discovery with Non-Negative Matrix Factorization,https://openreview.net/forum?id=ry80wMW0W
Nikhil Mishra · Mostafa Rohaninejad · Xi   Chen · Pieter Abbeel,A Simple Neural Attentive Meta-Learner,https://openreview.net/forum?id=B1DmUzWAW
Ke Wang · Rishabh Singh · Zhendong Su,Dynamic Neural Program Embeddings for Program Repair,https://openreview.net/forum?id=BJuWrGW0Z
Guneet S Dhillon · Kamyar Azizzadenesheli · Zachary Lipton · Jeremy   Bernstein · Jean Kossaifi · Aran Khanna · anima anandkumar,Stochastic Activation Pruning for Robust Adversarial Defense,https://openreview.net/forum?id=H1uR4GZRZ
Sanjeev Arora · Andrej   Risteski · Yi   Zhang,Do GANs learn the distribution? Some Theory and Empirics,https://openreview.net/forum?id=BJehNfW0-
Sergio Valcarcel Macua · Javier Zazo · Santiago   Zazo,Learning Parametric Closed-Loop Policies for Markov Potential Games,https://openreview.net/forum?id=rJm7VfZA-
Lifu Tu · Kevin Gimpel,Learning Approximate Inference Networks for Structured Prediction,https://openreview.net/forum?id=H1WgVz-AZ
Mostafa Dehghani · Arash Mehrjou · Stephan Gouws · Jaap Kamps · Bernhard   Schoelkopf,Fidelity-Weighted Learning,https://openreview.net/forum?id=B1X0mzZCW
Emiel Hoogeboom · Jorn Peters · Taco Cohen · Max Welling,HexaConv,https://openreview.net/forum?id=r1vuQG-CW
Sashank Reddi · Satyen Kale · Sanjiv Kumar,On the Convergence of Adam and Beyond,https://openreview.net/forum?id=ryQu7f-RZ
Shiv Shankar · Vihari Piratla · Soumen   Chakrabarti · Siddhartha Chaudhuri · Preethi Jyothi · Sunita   Sarawagi,Generalizing Across Domains via Cross-Gradient Training,https://openreview.net/forum?id=r1Dx7fbCW
Andrew Jaegle · Stephen Phillips · Daphne Ippolito · Kostas Daniilidis,Understanding image motion with group representations ,https://openreview.net/forum?id=SJLlmG-AZ
Geoffrey E Hinton · Sara Sabour · Nicholas Frosst,Matrix capsules with EM routing,https://openreview.net/forum?id=HJWLfGWRb
Chulhee Yun · Suvrit   Sra · Ali   Jadbabaie,Global Optimality Conditions for Deep Neural Networks,https://openreview.net/forum?id=BJk7Gf-CZ
Behnam   Neyshabur · Srinadh Bhojanapalli · Nathan Srebro,A PAC-Bayesian Approach to Spectrally-Normalized Margin Bounds for Neural Networks,https://openreview.net/forum?id=Skz_WfbCZ
Tsui-Wei Weng · Huan Zhang · Pin-Yu Chen · Jinfeng Yi · Dong   Su · Yupeng Gao · Cho-Jui   Hsieh · Luca   Daniel,Evaluating the Robustness of Neural Networks: An Extreme Value Theory Approach,https://openreview.net/forum?id=BkUHlMZ0b
Youssef Mroueh · Chun-Liang Li · Tom Sercu · Anant   Raj · Yu Cheng,Sobolev GAN,https://openreview.net/forum?id=SJA7xfb0b
Dibya Ghosh · Avi Singh · Aravind Rajeswaran · Vikash   Kumar · Sergey Levine,Divide-and-Conquer Reinforcement Learning,https://openreview.net/forum?id=rJwelMbR-
Joern-Henrik Jacobsen · Arnold W Smeulders · Edouard   Oyallon,i-RevNet: Deep Invertible Networks,https://openreview.net/forum?id=HJsjkMb0Z
Mickael Chen · Ludovic Denoyer · thierry artieres,Multi-View Data Generation Without View Supervision,https://openreview.net/forum?id=ryRh0bb0Z
Hao Liu · Yihao Feng · Yi   Mao · Dengyong Zhou · Jian   Peng ·  ,Action-dependent Control Variates for Policy Optimization via Stein Identity,https://openreview.net/forum?id=H1mCp-ZRZ
Christian   Buck · Jannis Bulian · Massimiliano Ciaramita · Wojciech Gajewski · Andrea   Gesmundo · Neil Houlsby · Wei   Wang.,Ask the Right Questions: Active Question Reformulation with Reinforcement Learning,https://openreview.net/forum?id=S1CChZ-CZ
Vitchyr Pong · Shixiang Gu · Murtaza   Dalal · Sergey Levine,Temporal Difference Models: Model-Free Deep RL for Model-Based Control,https://openreview.net/forum?id=Skw0n-W0Z
Thanard Kurutach · Ignasi Clavera · Yan   Duan · Aviv   Tamar · Pieter Abbeel,Model-Ensemble Trust-Region Policy Optimization,https://openreview.net/forum?id=SJJinbWRZ
Peter J Liu · Mohammad Saleh · Etienne Pot · Ben Goodrich · Ryan Sepassi · Lukasz Kaiser · Noam   Shazeer,Generating Wikipedia by Summarizing Long Sequences,https://openreview.net/forum?id=Hyg0vbWC-
Yikang Shen · Zhouhan Lin · Chin-Wei Huang · Aaron Courville,Neural Language Modeling by Jointly Learning Syntax and Lexicon,https://openreview.net/forum?id=rkgOLb-0W
Bo Zong · Qi Song · Martin Min · Wei Cheng · Cristian Lumezanu · Daeki   Cho · Haifeng   Chen,Deep Autoencoding Gaussian Mixture Model for Unsupervised Anomaly Detection,https://openreview.net/forum?id=BJJLHbb0-
Lajanugen Logeswaran · Honglak Lee,An efficient framework for learning sentence representations,https://openreview.net/forum?id=rJvJXZb0W
Georgios Arvanitidis · Lars K Hansen · Søren Hauberg,Latent Space Oddity: on the Curvature of Deep Generative Models,https://openreview.net/forum?id=SJzRZ-WCZ
Anubhav Ashok · Nicholas Rhinehart · Fares   Beainy · Kris M Kitani,N2N learning: Network to Network Compression via Policy Gradient Reinforcement Learning,https://openreview.net/forum?id=B1hcZZ-AW
Wu Lin · Nicolas Daniel Hubacher · Mohammad Emtiyaz Khan,Variational Message Passing with Structured Inference Networks,https://openreview.net/forum?id=HyH9lbZAW
Angeliki Lazaridou · Karl M Hermann · Karl Tuyls · Stephen Clark,Emergence of Linguistic Communication from  Referential Games with Symbolic and Pixel Input,https://openreview.net/forum?id=HJGv1Z-AW
Irina Higgins · Nicolas Sonnerat · Loic Matthey · Arka   Pal · Christopher P Burgess · Matko Bošnjak · Murray   Shanahan · Matthew   Botvinick ·   · Alexander Lerchner,SCAN: Learning Hierarchical Compositional Visual Concepts,https://openreview.net/forum?id=rkN2Il-RZ
Tomer Galanti · Lior Wolf · Sagie Benaim,The Role of Minimal Complexity Functions in Unsupervised Learning of Semantic Mappings,https://openreview.net/forum?id=H1VjBebR-
Aleksander Wieczorek · Mario Wieser · Damian Murezzan · Volker Roth,Learning Sparse Latent Representations with the Deep Copula Information Bottleneck,https://openreview.net/forum?id=Hk0wHx-RW
Ashish Khetan · Zachary Lipton · anima anandkumar,Learning From Noisy Singly-labeled Data,https://openreview.net/forum?id=H1sUHgb0Z
Alexander Matthews · Jiri Hron · Mark Rowland · Richard E Turner · Zoubin Ghahramani,Gaussian Process Behaviour in Wide Deep Neural Networks,https://openreview.net/forum?id=H1-nGgWC-
Yi Zhou · Yingbin Liang,Critical Points of Linear Neural Networks: Analytical Forms and Landscape Properties,https://openreview.net/forum?id=SysEexbRb
Asit Mishra · Debbie   Marr,Apprentice: Using Knowledge Distillation Techniques To Improve Low-Precision Network Accuracy,https://openreview.net/forum?id=B1ae1lZRb
Travis Williams · Robert   Li,Wavelet Pooling for Convolutional Neural Networks,https://openreview.net/forum?id=rkhlb8lCZ
Xingjun Ma · Bo Li · Yisen Wang · Sarah Erfani · Sudanthi Wijewickrema · Grant Schoenebeck · dawn song · Michael E Houle · James Bailey,Characterizing Adversarial Subspaces Using Local Intrinsic Dimensionality,https://openreview.net/forum?id=B1gJ1L2aW
Wei Wen · Yuxiong He · Samyam   Rajbhandari · Minjia   Zhang · Wenhan   Wang · Fang   Liu · Bin Hu · Yiran   Chen · Hai Li,Learning Intrinsic Sparse Structures within Long Short-Term Memory,https://openreview.net/forum?id=rk6cfpRjZ
Ronald Kemker · Christopher Kanan,FearNet: Brain-Inspired Model for Incremental Learning,https://openreview.net/forum?id=SJ1Xmf-Rb
Abhishek   Kumar · Prasanna Sattigeri · Avinash Balakrishnan,Variational Inference of Disentangled Latent Concepts from Unlabeled Observations,https://openreview.net/forum?id=H1kG7GZAW
Mengye Ren · Eleni Triantafillou · Sachin   Ravi · Jake   Snell · Kevin Swersky · Joshua B Tenenbaum · Hugo Larochelle · Richard   Zemel,Meta-Learning for Semi-Supervised Few-Shot Classification,https://openreview.net/forum?id=HJcSzz-CZ
Vijayaraghavan Murali · Letao Qi · Swarat Chaudhuri · Chris   Jermaine,Neural Sketch Learning for Conditional Program Generation,https://openreview.net/forum?id=HkfXMz-Ab
Jaehoon Lee · Yasaman Bahri · Roman Novak · Samuel S Schoenholz · Jeffrey Pennington · Jascha Sohl-Dickstein,Deep Neural Networks as Gaussian Processes,https://openreview.net/forum?id=B1EA-M-0Z
Krzysztof Choromanski · Carlton Downey · Byron   Boots,Initialization matters: Orthogonal Predictive State Recurrent Neural Networks,https://openreview.net/forum?id=HJJ23bW0b
Valentin Khrulkov · Alexander Novikov · Ivan Oseledets,Expressive power of recurrent neural networks,https://openreview.net/forum?id=S1WRibb0Z
Pouya Samangouei · Maya Kabkab · Rama Chellappa,Defense-GAN: Protecting Classifiers Against Adversarial Attacks Using Generative Models,https://openreview.net/forum?id=BkJ3ibb0-
Cathy Wu · Aravind Rajeswaran · Yan   Duan · Vikash   Kumar · Alexandre M Bayen · Sham M Kakade · Igor   Mordatch · Pieter Abbeel,Variance Reduction for Policy Gradient with Action-Dependent Factorized Baselines,https://openreview.net/forum?id=H1tSsb-AW
Aditi Raghunathan · Jacob Steinhardt · Percy Liang,Certified Defenses against Adversarial Examples ,https://openreview.net/forum?id=Bys4ob-Rb
Yannic Kilcher · Aurelien   Lucchi · Thomas   Hofmann,Semantic Interpolation in Implicit Models,https://openreview.net/forum?id=H15odZ-C-
Benjamin Eysenbach · Shixiang Gu · Julian Ibarz · Sergey Levine,Leave no Trace: Learning to Reset for Safe and Autonomous Reinforcement Learning,https://openreview.net/forum?id=S1vuO-bCW
Rong   Ge · Jason Lee · Tengyu   Ma,Learning One-hidden-layer Neural Networks with Landscape Design,https://openreview.net/forum?id=BkwHObbRZ
Jacob Buckman · Aurko Roy · Colin Raffel · Ian Goodfellow,Thermometer Encoding: One Hot Way To Resist Adversarial Examples,https://openreview.net/forum?id=S18Su--CW
Constantinos C Daskalakis · Andrew Ilyas · Vasilis   Syrgkanis · Haoyang Zeng,Training GANs with Optimism,https://openreview.net/forum?id=SJJySbbAZ
Tianmin Shu · Caiming Xiong · richard   socher,Hierarchical and Interpretable Skill Acquisition in Multi-task Reinforcement Learning,https://openreview.net/forum?id=SJJQVZW0b
Audrunas Gruslys · Will   Dabney · Mohammad Gheshlaghi  Azar · Bilal Piot · Marc G Bellemare · Remi Munos,The Reactor: A fast and sample-efficient Actor-Critic agent for  Reinforcement Learning,https://openreview.net/forum?id=rkHVZWZAZ
Daniel Horgan · John Quan · David Budden · Gabriel   Barth-maron · Matteo Hessel · Hado van Hasselt · David   Silver,Distributed Prioritized Experience Replay,https://openreview.net/forum?id=H1Dy---0Z
Kuniaki Saito · Yoshitaka Ushiku · Tatsuya Harada · Kate Saenko,Adversarial Dropout Regularization,https://openreview.net/forum?id=HJIoJWZCZ
Chuan Guo · Mayank Rana · Moustapha   Cisse · Laurens van der Maaten,Countering Adversarial Images using Input Transformations,https://openreview.net/forum?id=SyJ7ClWCb
Zhengli Zhao · Dheeru   Dua · Sameer Singh,Generating Natural Adversarial Examples,https://openreview.net/forum?id=H1BLjgZCb
Taco Cohen · Mario Geiger · Jonas Koehler · Max Welling,Spherical CNNs,https://openreview.net/forum?id=Hkbd5xZRb
Sainbayar Sukhbaatar · Zeming   Lin · Ilya   Kostrikov · Gabriel   Synnaeve · Arthur   Szlam · Rob   Fergus,Intrinsic Motivation and Automatic Curricula via Asymmetric Self-Play,https://openreview.net/forum?id=SkT5Yg-RZ
William Murdoch · Peter J Liu · Bin   Yu,Beyond Word Importance:  Contextual Decomposition to Extract Interactions from LSTMs,https://openreview.net/forum?id=rkRwGg-0Z
Mikel Artetxe · Gorka Labaka · Eneko Agirre · Kyunghyun Cho,Unsupervised Neural Machine Translation,https://openreview.net/forum?id=Sy2ogebAW
Leonard Berrada · Andrew Zisserman · M. Pawan Kumar,Smooth Loss Functions for Deep Top-k Classification,https://openreview.net/forum?id=Hk5elxbRW
Yonatan Belinkov · Yonatan Bisk,Synthetic and Natural Noise Both Break Neural Machine Translation,https://openreview.net/forum?id=BJ8vJebC-
Richard   Evans · David Saxton · David   Amos · Pushmeet   Kohli · Edward Grefenstette,Can Neural Networks Understand Logical Entailment?,https://openreview.net/forum?id=SkZxCk-0Z
Zhilin Yang · Saizheng Zhang · Jack Urbanek · Will   Feng · Alexander Miller · Arthur   Szlam · Douwe   Kiela · Jason Weston,Mastering the Dungeon: Grounded Language Learning by Mechanical Turker Descent,https://openreview.net/forum?id=SJ-C6JbRW
William Fedus · Mihaela Rosca · Balaji   Lakshminarayanan · Andrew Dai · Shakir   Mohamed · Ian Goodfellow,Many Paths to Equilibrium: GANs Do Not Need to Decrease a Divergence At Every Step,https://openreview.net/forum?id=ByQpn1ZA-
gonzalo mena · David Belanger · Scott Linderman · Jasper Snoek,Learning Latent Permutations with Gumbel-Sinkhorn Networks,https://openreview.net/forum?id=Byt3oJ-0W
Corentin Tallec · Yann Ollivier,Can recurrent neural networks warp time?,https://openreview.net/forum?id=SJcKhk-Ab
H. Brendan McMahan · Daniel Ramage · Kunal   Talwar · Li   Zhang,Learning Differentially Private Recurrent Language Models,https://openreview.net/forum?id=BJ0hF1Z0b
Aleksandar Bojchevski · Stephan Günnemann,Deep Gaussian Embedding of Graphs: Unsupervised Inductive Learning via Ranking,https://openreview.net/forum?id=r1ZdKJ-0W
Rémi Leblond · Jean-Baptiste   Alayrac · Anton Osokin · Simon Lacoste-Julien,SEARNN: Training RNNs with global-local losses,https://openreview.net/forum?id=HkUR_y-RZ
Yang Fan · Fei Tian · Tao Qin · Tie-Yan   Liu,Learning to Teach,https://openreview.net/forum?id=HJewuJWCZ
Ozan Sener · Silvio   Savarese,Active Learning for Convolutional Neural Networks: A Core-Set Approach,https://openreview.net/forum?id=H1aIuk-RW
Feiwen Zhu · Jeff Pool · Michael   Andersch · Jeremy   Appleyard · Fung Xie,Sparse Persistent RNNs: Squeezing Large Recurrent Networks On-Chip,https://openreview.net/forum?id=HkxF5RgC-
Asit Mishra · Eriko   Nurvitadhi · Jeffrey J Cook · Debbie   Marr,WRPN: Wide Reduced-Precision Networks,https://openreview.net/forum?id=B1ZvaaeAZ
Wei Ping · Kainan   Peng · Andrew   Gibiansky · Sercan Arik · Ajay   Kannan · SHARAN NARANG · Jonathan   Raiman · John Miller,Deep Voice 3: Scaling Text-to-Speech with Convolutional Sequence Learning,https://openreview.net/forum?id=HJtEm4p6Z
Takeru Miyato · Toshiki Kataoka · Masanori Koyama · Yuichi Yoshida,Spectral Normalization for Generative Adversarial Networks,https://openreview.net/forum?id=B1QRgziT-
Forough   Arabshahi · Sameer Singh · anima anandkumar,Combining Symbolic Expressions and Black-box Function Evaluations in Neural Programs,https://openreview.net/forum?id=Hksj2WWAW
Sebastian Nowozin,Debiasing Evidence Approximations: On Importance-weighted Autoencoders and Jackknife Variational Inference,https://openreview.net/forum?id=HyZoi-WRb
Chunyuan Li · Heerad   Farkhoor · Ruoqian Liu · Jason   Yosinski,Measuring the Intrinsic Dimension of Objective Landscapes,https://openreview.net/forum?id=ryup8-WCW
Azalia Mirhoseini · Anna Goldie · Hieu Pham · Benoit   Steiner · Quoc V Le · Jeff Dean,A Hierarchical Model for Device Placement,https://openreview.net/forum?id=Hkc-TeZ0W
Manuel Molano-Mazon · Arno Onken · Eugenio Piasini · Stefano Panzeri,Synthesizing realistic neural population activity patterns using Generative Adversarial Networks,https://openreview.net/forum?id=r1VVsebAZ
Jie Chen · Tengfei Ma · Cao Xiao,FastGCN: Fast Learning with Graph Convolutional Networks via Importance Sampling,https://openreview.net/forum?id=rytstxWAW
Aman Sinha · Hong Namkoong · John   Duchi,Certifying Some Distributional Robustness with Principled Adversarial Training,https://openreview.net/forum?id=Hk6kPgZA-
Justin   Fu · Katie   Luo · Sergey Levine,Learning Robust Rewards with Adverserial Inverse Reinforcement Learning,https://openreview.net/forum?id=rkHywl-A-
Kevin Frans · Jonathan   Ho ·   · Pieter Abbeel · John   Schulman,META LEARNING SHARED HIERARCHIES,https://openreview.net/forum?id=SyX0IeWAW
R Devon Hjelm · Athul P Jacob · Adam   Trischler · Tong Che · Kyunghyun Cho · Yoshua Bengio,Boundary Seeking GANs,https://openreview.net/forum?id=rkTS8lZAb
Jinsung Yoon · James   Jordan · Mihaela v Schaar,GANITE: Estimation of Individualized Treatment Effects using Generative Adversarial Nets,https://openreview.net/forum?id=ByKWUeWA-
Florian Tramer · Alexey   Kurakin · Nicolas Papernot · Ian Goodfellow · Dan   Boneh · Patrick   McDaniel,Ensemble Adversarial Training: Attacks and Defenses,https://openreview.net/forum?id=rkZvSe-RZ
Murat Kocaoglu · Christopher Snyder · Alexandros Dimakis · Sriram   Vishwanath,CausalGAN: Learning Causal Implicit Generative Models with Adversarial Training,https://openreview.net/forum?id=BJE-4xW0W
Tanmay Gangwani · Jian   Peng,Policy Optimization by Genetic Distillation ,https://openreview.net/forum?id=ByOnmlWC-
Mohammad Babaeizadeh · Chelsea Finn · Dumitru Erhan · Roy H Campbell · Sergey Levine,Stochastic Variational Video Prediction,https://openreview.net/forum?id=rk49Mg-CW
Yang Song · Taesup Kim · Sebastian Nowozin · Stefano Ermon · Nate Kushman,PixelDefend: Leveraging Generative Models to Understand and Defend against Adversarial Examples,https://openreview.net/forum?id=rJUYGxbCW
Kevin Feigelis · Blue Sheffer · Daniel L Yamins,Modular Continual Learning in a Unified Visual Environment,https://openreview.net/forum?id=rkPLzgZAZ
Ofir Nachum · Mohammad Norouzi · Kelvin Xu · Dale Schuurmans,Trust-PCL: An Off-Policy Trust Region Method for Continuous Control,https://openreview.net/forum?id=HyrCWeWCb
Maruan Al-Shedivat · Trapit Bansal · Yuri Burda · Ilya Sutskever · Igor Mordatch · Pieter Abbeel,Continuous Adaptation via Meta-Learning in Nonstationary and Competitive Environments,https://openreview.net/forum?id=Sk2u1g-0-
Hongyi Zhang · Moustapha   Cisse · Yann N Dauphin · David Lopez-Paz,mixup: Beyond Empirical Risk Minimization,https://openreview.net/forum?id=r1Ddp1-Rb
Chelsea Finn · Sergey Levine,Meta-Learning and Universality: Deep Representations and Gradient Descent can Approximate any Learning Algorithm,https://openreview.net/forum?id=HyjC5yWCW
Scott   Reed · Yutian Chen · Thomas Paine · Aaron v den · S. M. Ali Eslami · Danilo J Rezende · Oriol Vinyals · Nando d Freitas,Few-shot Autoregressive Density Estimation: Towards Learning to Learn Distributions,https://openreview.net/forum?id=r1wEFyWCW
Alexander Trott · Caiming Xiong ·  ,Interpretable Counting for Visual Question Answering,https://openreview.net/forum?id=S1J2ZyZ0Z
Da Xiao · Jo-Yu Liao · Xingyuan Yuan,Improving the Universality and Learnability of Neural Programmer-Interpreters with Combinator Abstraction,https://openreview.net/forum?id=rJlMAAeC-
Viet Cuong Nguyen · Yingzhen Li · Thang Bui · Richard E Turner,Variational Continual Learning,https://openreview.net/forum?id=BkQqq0gRb
LU HOU · James Kwok,Loss-aware Weight Quantization of Deep Networks,https://openreview.net/forum?id=BkrSv0lA-
Dani   Yogatama · yishu   miao · Gábor Melis · Wang   Ling · Adhiguna Kuncoro · Chris Dyer · Phil   Blunsom,Memory Architectures in Recurrent Neural Network Language Models,https://openreview.net/forum?id=SkFqf0lAZ
Chung-Cheng Chiu · Colin Raffel,Monotonic Chunkwise Attention,https://openreview.net/forum?id=Hko85plCW
Gábor Melis · Chris Dyer · Phil   Blunsom,On the State of the Art of Evaluation in Neural Language Models,https://openreview.net/forum?id=ByJHuTgA-
Elad Hoffer · Itay Hubara · Daniel Soudry,Fix your classifier: the marginal value of training the last weight layer,https://openreview.net/forum?id=S1Dh8Tg0-
Yaniv Taigman · Lior Wolf · Adam Polyak · Eliya Nachmani,VoiceLoop: Voice Fitting and Synthesis via a Phonological Loop,https://openreview.net/forum?id=SkFAWax0-
Christos Louizos · Max Welling · Diederik Kingma,Learning Sparse Neural Networks through L_0 Regularization,https://openreview.net/forum?id=H1Y8hhg0b
Hippolyt Ritter · Aleksandar   Botev · David Barber,A Scalable Laplace Approximation for Neural Networks,https://openreview.net/forum?id=Skdvd2xAZ
Kimin Lee · Honglak Lee · Kibok Lee · Jinwoo   Shin,Training Confidence-calibrated Classifiers for Detecting Out-of-Distribution Samples,https://openreview.net/forum?id=ryiAv2xAZ
Yedid Hoshen · Lior Wolf,Identifying Analogies Across Domains,https://openreview.net/forum?id=BkN_r2lR-
Spyros Gidaris · Praveer Singh · Nikos Komodakis,Unsupervised Representation Learning by Predicting Image Rotations,https://openreview.net/forum?id=S1v4N2l0-
Ari Morcos · David GT Barrett · Neil C Rabinowitz · Matthew   Botvinick,On the importance of single directions for generalization,https://openreview.net/forum?id=r1iuQjxCZ
Tao Shen · Tianyi Zhou · Guodong Long ·   · Chengqi Zhang,Bi-Directional Block Self-Attention for Fast and Memory-Efficient Sequence Modeling,https://openreview.net/forum?id=H1cWzoxA-
Chen Xu · Jianqiang Yao · Zhouchen Lin · Baigui Sun · Yuanbin Cao · Zhirong   Wang · Hongbin   Zha,Alternating Multi-bit Quantization for Recurrent Neural Networks,https://openreview.net/forum?id=S19dR9x0b
Alon Brutzkus · Amir   Globerson · Eran Malach · Shai   Shalev-Shwartz,SGD Learns Over-parameterized Networks that Provably Generalize on Linearly Separable Data,https://openreview.net/forum?id=rJ33wwxRb
Nadav Cohen · Ronen Tamari · Amnon Shashua,Boosting Dilated Convolutional Networks with Mixed Tensor Decompositions,https://openreview.net/forum?id=S1JHhv6TW
Guillaume Lample ·   · Marc'Aurelio Ranzato ·   · Hervé Jégou,Word translation without parallel data,https://openreview.net/forum?id=H196sainb
Victor Garcia Satorras · Joan   Bruna,Few-Shot Learning with Graph Neural Networks,https://openreview.net/forum?id=BJj6qGbRW
Peter OConnor · Efstratios Gavves · Matthias   Reisser · Max Welling,Temporally Efficient Deep Learning with Spikes,https://openreview.net/forum?id=HkZy-bW0-
Pratik A Chaudhari · Stefano   Soatto,"Stochastic gradient descent performs variational inference, converges to limit cycles for deep networks",https://openreview.net/forum?id=HyWrIgW0W
Raman Arora · Amitabh Basu · Poorya Mianjy · Anirbit Mukherjee,Understanding Deep Neural Networks with Rectified Linear Units,https://openreview.net/forum?id=B1J_rgWRW
Zhiting Hu ·   ·   · Eric P Xing,On Unifying Deep Generative Models,https://openreview.net/forum?id=rylSzl-R-
Shankar Krishnan · Ying Xiao · Rif A. Saurous,Neumann Optimizer: A Practical Optimization Algorithm for Deep Neural Networks,https://openreview.net/forum?id=rkLyJl-0-
Ilya Tolstikhin · Olivier Bousquet · Sylvain Gelly · Bernhard   Schoelkopf,Wasserstein Auto-Encoders,https://openreview.net/forum?id=HkL7n1-0b
Voot Tangkaratt ·   · Masashi Sugiyama,Guide Actor-Critic for Continuous Control,https://openreview.net/forum?id=BJk59JZ0b
Artemij Amiranashvili · Alexey Dosovitskiy · Vladlen Koltun · Thomas   Brox,TD or not TD: Analyzing the Role of Temporal Differencing in Deep Reinforcement Learning,https://openreview.net/forum?id=HyiAuyb0b
Emilio Parisotto ·  , Neural Map: Structured Memory for Deep Reinforcement Learning,https://openreview.net/forum?id=Bk9zbyZCZ
Marlos C. Machado · Clemens Rosenbaum · Xiaoxiao   Guo · Miao Liu · Gerald Tesauro · Murray Campbell,Eigenoption Discovery through the Deep Successor Representation,https://openreview.net/forum?id=Bk8ZcAxR-
Tero Karras · Timo Aila · Samuli   Laine · Jaakko Lehtinen,"Progressive Growing of GANs for Improved Quality, Stability, and Variation",https://openreview.net/forum?id=Hk99zCeAb
Nishal Shah · Sasidhar   Madugula · E.J. Chichilnisky · Yoram Singer · Jonathon Shlens,Learning a neural response metric for retinal prosthesis,https://openreview.net/forum?id=HJhIM0xAW
Geoff W French · Michal Mackiewicz · Mark   Fisher,Self-ensembling for visual domain adaptation,https://openreview.net/forum?id=rkpoTaxA-
Aayush Bansal · Yaser   Sheikh · Deva   Ramanan,PixelNN: Example-based Image Synthesis,https://openreview.net/forum?id=Syhr6pxCW
Kris Cao · Angeliki Lazaridou · Marc   Lanctot · Joel Z Leibo · Karl Tuyls · Stephen Clark,Emergent Communication through Negotiation,https://openreview.net/forum?id=Hk6WhagRW
Katrina Evtimova · Andrew Drozdov · Douwe   Kiela · Kyunghyun Cho,"Emergent Communication in a Multi-Modal, Multi-Step Referential Game",https://openreview.net/forum?id=rJGZq6g0-
Abhay Kumar Yadav · Sohil Shah · Zheng Xu · David   Jacobs · Tom   Goldstein,Stabilizing Adversarial Nets with Prediction Methods,https://openreview.net/forum?id=Skj8Kag0Z
Miltiadis Allamanis · Marc Brockschmidt · Mahmoud Khademi,Learning to Represent Programs with Graphs,https://openreview.net/forum?id=BJOFETxR-
Takeru Miyato · Masanori Koyama,cGANs with Projection Discriminator,https://openreview.net/forum?id=ByS1VpgRZ
Shanmukha Ramakrishna Vedantam · Ian Fischer · Jonathan   Huang · Kevin P Murphy,Generative Models of Visually Grounded Imagination,https://openreview.net/forum?id=HkCsm6lRb
Yunjae Lee · Kyunghyun Cho · Jason Weston · Douwe   Kiela,Emergent Translation in Multi-Agent Communication,https://openreview.net/forum?id=H1vEXaxA-
Pietro Morerio · Jacopo Cavazza · Vittorio Murino,Minimal-Entropy Correlation Alignment for Unsupervised Deep Domain Adaptation,https://openreview.net/forum?id=rJWechg0Z
Bojian Yin · Marleen Balvert · Davide   Zambrano · Alexander Schoenhuth · Sander Bohte,An image representation based convolutional network for DNA classification,https://openreview.net/forum?id=HJvvRoe0W
Xu He · Herbert   Jaeger,Overcoming Catastrophic Interference using Conceptor-Aided Backpropagation,https://openreview.net/forum?id=B1al7jg0b
Jinsung Yoon · William R Zame · Mihaela v Schaar,Deep Sensing: Active Sensing using Multi-directional Recurrent Neural Networks,https://openreview.net/forum?id=r1SnX5xCb
Jiatao Gu · James Bradbury · Caiming Xiong · Victor OK Li ·  ,Non-Autoregressive Neural Machine Translation,https://openreview.net/forum?id=B1l8BtlCb
Raphael Shu · Hideki Nakayama,Compressing Word Embeddings via Deep Compositional Code Learning,https://openreview.net/forum?id=BJRZzFlRb
Christopher Cueva · Xue-Xin Wei,Emergence of grid-like representations by training recurrent neural networks to perform spatial localization,https://openreview.net/forum?id=B17JTOe0-
Hsin-Yuan Huang · Chenguang Zhu ·   · Weizhu   Chen,FusionNet: Fusing via Fully-aware Attention with Application to Machine Comprehension,https://openreview.net/forum?id=BJIgi_eCZ
Lukasz Kaiser · Aidan Gomez · Francois Chollet,Depthwise Separable Convolutions for Neural Machine Translation,https://openreview.net/forum?id=S1jBcueAb
Eric Martin · Christopher Cundy,Parallelizing Linear Recurrent Neural Nets Over Sequence Length,https://openreview.net/forum?id=HyUNwulC-
Rohan Anil · Gabriel   Pereyra · Alexandre Tachard Passos · Robert   Ormandi · George Dahl · Geoffrey E Hinton,Large scale distributed neural network training through online distillation,https://openreview.net/forum?id=rkr1UDeC-
Dongsoo Lee · Daehyun Ahn · Taesu Kim · Pierce I Chuang · Jae-Joon Kim,Viterbi-based Pruning for Sparse Matrix with Fixed and High Index Compression Ratio,https://openreview.net/forum?id=S1D8MPxA-
Caiming Xiong · richard   socher · Victor Zhong,DCN+: Mixed Objective And Deep Residual Coattention for Question Answering,https://openreview.net/forum?id=H1meywxRW
R. Srikant · Shiyu   Liang · Yixuan Li,Enhancing The Reliability of Out-of-distribution Image Detection in Neural Networks,https://openreview.net/forum?id=H1VGkIxRZ
Stanislaw Jastrzebski · Devansh Arpit · Nicolas Ballas · Vikas Verma · Tong Che · Yoshua Bengio,Residual Connections Encourage Iterative Inference,https://openreview.net/forum?id=SJa9iHgAZ
Xinyun Chen · Chang Liu · dawn song,Towards Synthesizing Complex Programs From Input-Output Examples,https://openreview.net/forum?id=Skp1ESxRZ
Samuel Smith · Pieter-Jan Kindermans · Chris Ying · Quoc V Le,"Don't Decay the Learning Rate, Increase the Batch Size",https://openreview.net/forum?id=B1Yy1BxCZ
Tianyi Zhou · Jeff   Bilmes,Minimax Curriculum Learning: Machine Teaching with Desirable   Difficulties and Scheduled Diversity,https://openreview.net/forum?id=BywyFQlAW
Gao Huang · Danlu Chen · Tianhong Li · Felix   Wu · Laurens van der Maaten · Kilian Q Weinberger,Multi-Scale Dense Networks for Resource Efficient Image Classification,https://openreview.net/forum?id=Hk2aImxAb
Romain Paulus · Caiming Xiong · richard   socher,A Deep Reinforced Model for Abstractive Summarization,https://openreview.net/forum?id=HkAClQgA-
Corentin Tallec · Yann   Ollivier,Unbiased Online Recurrent Optimization,https://openreview.net/forum?id=rJQDjk-0b
Jiaxin Shi · Shengyang Sun · Jun Zhu,Kernel Implicit Variational Inference,https://openreview.net/forum?id=r1l4eQW0Z
Tomas Angles · Stéphane   Mallat,Generative networks as inverse problems with Scattering transforms,https://openreview.net/forum?id=r1NYjfbR-
Carlos Riquelme · George Tucker · Jasper Snoek,Deep Bayesian Bandits Showdown:  An Empirical Comparison of Bayesian Deep Networks for Thompson Sampling,https://openreview.net/forum?id=SyYe6k-CW
Vivien Seguy · Bharath Bhushan Damodaran · Rémi Flamary · Nicolas   Courty · Antoine Rolet · Mathieu   Blondel,Large Scale Optimal Transport and Mapping Estimation,https://openreview.net/forum?id=B1zlp1bRW
Will Grathwohl · Dami Choi · Yuhuai Wu · Geoffrey Roeder · David Duvenaud,Backpropagation through the Void: Optimizing control variates for black-box gradient estimation,https://openreview.net/forum?id=SyzKd1bCW
Zhiming Zhou · Han   Cai · Shu Rong · Yuxuan   Song · Kan   Ren · Weinan Zhang · Jun Wang · Yong   Yu,Activation Maximization Generative Adversarial Nets,https://openreview.net/forum?id=HyyP33gAZ
Matthias Plappert · Rein   Houthooft · Prafulla   Dhariwal · Szymon   Sidor · Richard Chen · Xi   Chen · Tamim   Asfour · Pieter Abbeel · Marcin   Andrychowicz,Parameter Space Noise for Exploration,https://openreview.net/forum?id=ByBAl2eAZ
Ashish Bora · Eric Price · Alexandros Dimakis,AmbientGAN: Generative models from lossy measurements,https://openreview.net/forum?id=Hy7fDog0b
Hal   Daumé III · John   Langford · Paul   Mineiro · Amr Mohamed Nabil Aly Aly Sharaf,RESIDUAL LOSS PREDICTION: REINFORCEMENT LEARNING WITH NO INCREMENTAL FEEDBACK,https://openreview.net/forum?id=HJNMYceCW
cihang xie · Jianyu Wang · Zhishuai Zhang · Zhou Ren · Alan   Yuille,Mitigating Adversarial Effects Through Randomization,https://openreview.net/forum?id=Sk9yuql0Z
Yuhuai Wu · Mengye Ren · Renjie Liao · Roger Grosse,Understanding Short-Horizon Bias in Stochastic Meta-Optimization,https://openreview.net/forum?id=H1MczcgR-
Seong Joon Oh · Max Augustin · Mario Fritz · Bernt   Schiele,Towards Reverse-Engineering Black-Box Neural Networks,https://openreview.net/forum?id=BydjJte0-
Alexander Anderson · Cory P Berg,The High-Dimensional Geometry of Binary Neural Networks,https://openreview.net/forum?id=B1IDRdeCW
Pengchuan Zhang · Qiang   Liu · Dengyong Zhou · Tao   Xu · Xiaodong He,On the Discrimination-Generalization Tradeoff in GANs,https://openreview.net/forum?id=Hk9Xc_lR-
Ozsel Kilinc · Ismail Uysal,Learning Latent Representations in Neural Networks for Clustering through Pseudo Supervision and Graph-based Activity Regularization,https://openreview.net/forum?id=HkMvEOlAb
Thomas Unterthiner · Bernhard Nessler · Calvin Seward · Günter   Klambauer · Martin Heusel · Hubert   Ramsauer · Sepp   Hochreiter,Coulomb GANs: Provably Optimal Nash Equilibria via Potential Fields,https://openreview.net/forum?id=SkVqXOxCb
Sahil Sharma · Ashutosh Kumar Jha · Parikshit Hegde · Balaraman Ravindran,Learning to Multi-Task by Active Sampling,https://openreview.net/forum?id=B1nZ1weCZ
Yuji Tokozume · Yoshitaka Ushiku · Tatsuya Harada,Learning from Between-class Examples for Deep Sound Recognition,https://openreview.net/forum?id=B1Gi6LeRZ
Trapit Bansal · Jakub   Pachocki · Szymon   Sidor · Ilya Sutskever · Igor Mordatch,Emergent Complexity via Multi-Agent Competition,https://openreview.net/forum?id=Sy0GnUxCb
Lior Fox · Leshem Choshen · Yonatan Loewenstein,DORA The Explorer: Directed Outreaching Reinforcement Action-Selection,https://openreview.net/forum?id=ry1arUgCW
Carlos Esteves · Christine Allen-Blanchette · Xiaowei   Zhou · Kostas Daniilidis,Polar Transformer Networks,https://openreview.net/forum?id=HktRlUlAZ
Edward Choi · Angeliki Lazaridou · Nando d Freitas,Compositional Obverter Communication Learning from Raw Visual Input,https://openreview.net/forum?id=rknt2Be0-
Yi Zhou · Zimo Li · Shuangjiu   Xiao · Chong   He · Zeng   Huang · Hao Li,Auto-Conditioned Recurrent Networks for Extended Complex Human Motion Synthesis,https://openreview.net/forum?id=r11Q2SlRW
Wasi Ahmad · Kai-Wei Chang · Hongning   Wang,Multi-Task Learning for Document Ranking and Query Suggestion,https://openreview.net/forum?id=SJ1nzBeA-
Soroosh Khoram · Jing Li,Adaptive Quantization of Neural Networks,https://openreview.net/forum?id=SyOK1Sg0W
Haonan Yu · Haichao Zhang · Wei Xu,Interactive Grounded Language Acquisition and Generalization in a 2D World,https://openreview.net/forum?id=H1UOm4gA-
Elad Hazan · Adam   Klivans · Yang   Yuan,Hyperparameter optimization: a spectral approach,https://openreview.net/forum?id=H1zriGeCZ
Thorsten Joachims · Adith Swaminathan · Maarten de Rijke,Deep Learning with Logged Bandit Feedback,https://openreview.net/forum?id=SJaP_-xAb
Daniel Levy · Matthew D Hoffman · Jascha Sohl-Dickstein,Generalizing Hamiltonian Monte Carlo with Neural Networks,https://openreview.net/forum?id=B1n8LexRZ
Michael Tsang · Dehua Cheng · Yan   Liu,Detecting Statistical Interactions from Neural Network Weights,https://openreview.net/forum?id=ByOfBggRZ
Seyed Mohsen Moosavi Dezfooli · Alhussein   Fawzi · Omar   Fawzi · Pascal Frossard ·  ,Robustness of Classifiers to Universal Perturbations: A Geometric Perspective,https://openreview.net/forum?id=ByrZyglCb
Ke Zhai · Huan Wang,Adaptive Dropout with Rademacher Complexity Regularization,https://openreview.net/forum?id=S1uxsye0Z
Paulius   Micikevicius · SHARAN NARANG · Jonah   Alben · Gregory   Diamos · Erich K Elsen · David   Garcia · Boris Ginsburg · Michael   Houston · Oleksii Kuchaiev · Ganesh   Venkatesh · Hao   Wu,Mixed Precision Training,https://openreview.net/forum?id=r1gs9JgRZ
Uri Shaham · Kelly Stanton · Henry (Fangyi) Li · Ronen Basri · Boaz Nadler · Yuval   Kluger,SpectralNet: Spectral Clustering using Deep Neural Networks,https://openreview.net/forum?id=HJ_aoCyRZ
Guillaume Bellec · David Kappel · Wolfgang   Maass · Robert   Legenstein,Deep Rewiring: Training very sparse deep networks,https://openreview.net/forum?id=BJ_wN01C-
David Ha · Douglas Eck,A Neural Representation of Sketch Drawings,https://openreview.net/forum?id=Hy6GHpkCW
Rudy Bunel · Matthew Hausknecht · Jacob   Devlin · Rishabh Singh · Pushmeet   Kohli,Leveraging Grammar and Reinforcement Learning for Neural Program Synthesis,https://openreview.net/forum?id=H1Xw62kRZ
Jiaqi Mu · Pramod Viswanath,All-but-the-Top: Simple and Effective Postprocessing for Word Representations,https://openreview.net/forum?id=HkuGJ3kCb
Petar Veličković · Guillem Cucurull Preixens · Arantxa Casanova Paga · Adriana Romero · Pietro   Liò · Yoshua Bengio,Graph Attention Networks,https://openreview.net/forum?id=rJXMpikCZ
Marco Ancona · Enea Ceolini · Cengiz   Öztireli · Markus   Gross,Towards better understanding of gradient-based attribution methods for Deep Neural Networks,https://openreview.net/forum?id=Sy21R9JAW
Zohar Ringel · Rodrigo Andrade de Bem,Critical Percolation as a Framework to Analyze the Training of Deep Networks,https://openreview.net/forum?id=BJGWO9k0Z
Yan Zhang · Jonathon Hare · Adam Prugel-Bennett,Learning to Count Objects in Natural Images for Visual Question Answering,https://openreview.net/forum?id=B12Js_yRb
Johannes   Ballé · David Minnen · Saurabh   Singh · Sung Jin Hwang · Nick   Johnston,Variational image compression with a scale hyperprior,https://openreview.net/forum?id=rkcQFMZRb
Tingwu Wang · Renjie Liao · Jimmy Ba · Sanja Fidler,NerveNet: Learning Structured Policy with Graph Neural Networks,https://openreview.net/forum?id=S1sqHMZCb
Thomas Frerix · Thomas Möllenhoff · Michael   Moeller · Daniel   Cremers,Proximal Backpropagation,https://openreview.net/forum?id=ByeqORgAW
Or Sharir · Amnon Shashua,On the Expressive Power of Overlapping Architectures of Deep Learning,https://openreview.net/forum?id=HkNGsseC-
Daniel Soudry · Elad Hoffer · Mor Shpigel Nacson · Nathan Srebro,The Implicit Bias of Gradient Descent on Separable Data,https://openreview.net/forum?id=r1q7n9gAb
Bo Chang · Lili Meng · Eldad   Haber · Frederick Tung · David Begert,Multi-level Residual Networks from Dynamical Systems View,https://openreview.net/forum?id=SyJS-OgR-
Jiachen Yang · Xiaojing Ye · Rakshit Trivedi · huan   xu · Hongyuan Zha,Learning Deep Mean Field Games for Modeling Large Population Behavior,https://openreview.net/forum?id=HktK4BeCZ
Xu Chen · Jiang Wang · Hao   Ge,TRAINING GENERATIVE ADVERSARIAL NETWORKS VIA PRIMAL-DUAL SUBGRADIENT METHODS: A LAGRANGIAN PERSPECTIVE ON GAN,https://openreview.net/forum?id=BJNRFNlRW
Dustin Tran · David   Blei,Implicit Causal Models for Genome-wide Association Studies,https://openreview.net/forum?id=SyELrEeAb
Aidan Gomez · Sicong(Sheldon) Huang · Ivan Zhang · Bryan M Li · Muhammad   Osama · Lukasz Kaiser,Unsupervised Cipher Cracking Using Discrete GANs,https://openreview.net/forum?id=BkeqO7x0-
Chris Donahue · Zachary Lipton · Akshay   Balsubramani · Julian   McAuley,Semantically Decomposing the Latent Spaces of Generative Adversarial Networks,https://openreview.net/forum?id=S1nQvfgA-
Brian Bullins · Cyril   Zhang · Yi   Zhang,Not-So-Random Features,https://openreview.net/forum?id=Hk8XMWgRb
Samuel Smith · Quoc V Le,A Bayesian Perspective on Generalization and Stochastic Gradient Descent,https://openreview.net/forum?id=BJij4yg0Z
Youngjin Kim · Minjung Kim · Gunhee Kim,Memorization Precedes Generation: Learning Unsupervised GANs with Memory Networks,https://openreview.net/forum?id=rkO3uTkAZ
Romain Laroche · Raphaël Féraud,Reinforcement Learning Algorithm Selection,https://openreview.net/forum?id=SyoDInJ0-
Tim Salimans · Han Zhang · Alec   Radford · Dimitris   Metaxas,Improving GANs Using Optimal Transport,https://openreview.net/forum?id=rkQkBnJAb
Xingyu Liu · Jeff Pool · song   han · Bill Dally,Efficient Sparse-Winograd Convolutional Neural Networks,https://openreview.net/forum?id=HJzgZ3JCW
Glen Berseth · Cheng Xie · Paul Cernek · Michiel van de Panne,Progressive Reinforcement Learning with Distillation for Multi-Skilled Motion Control,https://openreview.net/forum?id=B13njo1R-
Paulina Grnarova · Kfir Y Levy · Aurelien   Lucchi · Thomas   Hofmann · Andreas   Krause,An Online Learning Approach to Generative Adversarial Networks,https://openreview.net/forum?id=H1Yp-j1Cb
Fabrizio Pedersoli · George   Tzanetakis · Andrea Tagliasacchi,Espresso: Efficient Forward Propagation for Binary Deep Neural Networks,https://openreview.net/forum?id=Sk6fD5yCb
Nicolas   Courty · Rémi Flamary · Mélanie Ducoffe,Learning Wasserstein Embeddings,https://openreview.net/forum?id=SJyEH91A-
Po-Sen Huang · Chong Wang · Sitao Huang · Dengyong Zhou · Li Deng,Towards Neural Phrase-based Machine Translation,https://openreview.net/forum?id=HktJec1RZ
Meire Fortunato · Mohammad Gheshlaghi  Azar · Bilal Piot · Jacob   Menick · Matteo Hessel · Ian   Osband · Alex   Graves · Volodymyr   Mnih · Remi Munos · Demis   Hassabis · Olivier   Pietquin · Charles   Blundell · Shane Legg,Noisy Networks For Exploration,https://openreview.net/forum?id=rywHCPkAW
Alexandre Péré · Sébastien Forestier · Olivier Sigaud · Pierre-Yves Oudeyer,Unsupervised Learning of Goal Spaces for Intrinsically Motivated Goal Exploration,https://openreview.net/forum?id=S1DWPP1A-
Yoav Levine · David   Yakira · Nadav Cohen · Amnon Shashua,Deep Learning and Quantum Entanglement: Fundamental Connections with Implications to Network Design,https://openreview.net/forum?id=SywXXwJAb
Mark D. McDonnell,Training wide residual networks for deployment using a single bit for each weight,https://openreview.net/forum?id=rytNfI1AZ
Víctor Campos · Brendan Jou · Xavier Giro-i-Nieto · Jordi Torres · Shih-Fu Chang,Skip RNN: Learning to Skip State Updates in Recurrent Neural Networks,https://openreview.net/forum?id=HkwVAXyCW
Erin Grant · Chelsea Finn · Sergey Levine · Trevor Darrell · Thomas L Griffiths,Recasting Gradient-Based Meta-Learning as Hierarchical Bayes,https://openreview.net/forum?id=BJ_UL-k0b
Oran Shayer · Dan   Levi · Ethan Fetaya,Learning Discrete Weights Using the Local Reparameterization Trick,https://openreview.net/forum?id=BySRH6CpW
Stephen Merity · Nitish Shirish Keskar · richard   socher,Regularizing and Optimizing LSTM Language Models,https://openreview.net/forum?id=SyyGPP0TZ
Devendra Singh Chaplot · Emilio Parisotto ·  ,Active Neural Localization,https://openreview.net/forum?id=ry6-G_66b
Arbaaz Khan · Clark Zhang · Nikolay   Atanasov · Konstantinos   Karydis · Vijay   Kumar · Daniel D Lee,Memory Augmented Control Networks,https://openreview.net/forum?id=HyfHgI6aW
Pieter-Jan Kindermans · Kristof T Schütt · Maximilian   Alber · Klaus R Muller · Dumitru Erhan · Been Kim · Sven   Dähne,Learning how to explain neural networks: PatternNet and PatternAttribution,https://openreview.net/forum?id=Hkn7CBaTW
Chao Qiao · Bo Huang · Guocheng Niu · daren li · daxiang dong · wei he · Dianhai Yu · hua wu,A New Method of Region Embedding for Text Classification,https://openreview.net/forum?id=BkSDMA36Z
Vadim Popov · Mikhail Kudinov · Irina   Piontkovskaya · Petr Vytovtov · Alex Nevidomsky,Distributed Fine-tuning of Language Models on Private Data,https://openreview.net/forum?id=HkgNdt26Z
Sungyong Seo · Arash   Mohegh · George   Ban-Weiss · Yan   Liu,Automatically Inferring Data Quality for Spatiotemporal Forecasting,https://openreview.net/forum?id=ByJIWUnpW
Pan Zhou · Jiashi   Feng · Pan   Zhou,Empirical Risk Landscape Analysis for Understanding Deep Neural Networks,https://openreview.net/forum?id=B1QgVti6Z
Ricky Fok · Aijun An · Zana Rashidi · Xiaogang   Wang,Decoupling the Layers in Residual Networks,https://openreview.net/forum?id=SyMvJrdaW
Yen-Chang Hsu · Zhaoyang Lv · Zsolt Kira,Learning to cluster in order to transfer across domains and tasks,https://openreview.net/forum?id=ByRWCqvT-
Yichen Gong · Heng Luo · Jian Zhang,Natural Language Inference over Interaction Space,https://openreview.net/forum?id=r1dHXnH6-
Alex   Peysakhovich · Adam Lerer,Consequentialist conditional cooperation in social dilemmas with imperfect information,https://openreview.net/forum?id=BkabRiQpb
Andrew Brock · Theo   Lim · James   Ritchie · Nick   Weston,SMASH: One-Shot Model Architecture Search through HyperNetworks,https://openreview.net/forum?id=rydeCEhs-
